年,月,日,0,1,2,3,4,5,6,7,8,9,10,11,12,13,14,15,16,17,18,19,20,21,22,23
20, 1, 1,67,48,40,44,61,87,116,141,158,164,159,147,130,114,104,102,108,122,138,149,153,146,131,109
20, 1, 2,87,68,57,54,62,79,102,125,145,157,159,152,139,124,112,103,102,107,117,128,136,138,133,121
20, 1, 3,105,89,77,70,71,80,95,113,132,147,155,154,147,134,121,109,100,97,98,105,114,122,127,125
20, 1, 4,117,107,97,90,86,87,94,105,121,136,148,154,152,144,132,119,105,93,86,84,90,100,111,120
20, 1, 5,123,121,116,110,104,100,99,103,112,125,139,150,154,152,144,131,114,96,80,69,67,75,89,106
20, 1, 6,120,128,132,130,125,117,110,106,107,116,129,143,153,157,154,144,127,106,82,61,49,50,63,84
20, 1, 7,107,126,140,146,145,137,126,115,108,109,119,133,148,159,163,158,144,120,91,62,40,30,36,56
20, 1, 8,84,113,138,155,161,157,145,129,115,108,110,122,139,156,167,170,161,140,108,72,40,18,14,27
20, 1, 9,54,90,125,153,170,173,164,147,127,112,106,112,127,147,166,178,177,161,131,92,52,18,1,2
20, 1,10,23,59,100,139,168,182,180,165,143,122,107,104,114,134,157,177,187,180,156,119,74,32,1-1,1
20, 1,11,-3,26,68,114,154,180,189,180,160,136,114,102,103,118,142,168,187,192,178,147,104,58,17,-9
20, 1,12,-16,0,35,82,129,166,187,189,174,151,126,106,97,103,123,151,177,192,191,171,135,90,45,9
20, 1,13,-12,-12,11,51,98,143,174,188,183,164,139,115,98,94,105,129,157,180,191,184,159,123,80,39
20, 1,14,8,-6,1,29,70,115,153,177,183,173,152,126,104,91,92,107,132,157,176,182,171,146,112,74
20, 1,15,39,15,8,21,52,91,130,161,176,175,161,139,114,95,86,90,107,129,151,165,168,157,135,105
20, 1,16,74,47,31,30,47,76,110,142,164,172,166,149,127,105,89,82,88,102,121,138,149,151,143,126
20, 1,17,103,80,62,52,56,72,98,126,150,164,166,157,139,118,98,84,78,82,92,107,121,132,136,133
20, 1,18,123,108,93,81,76,81,94,114,136,153,162,161,150,133,113,95,80,72,71,77,89,103,116,125
20, 1,19,128,125,119,110,102,98,100,110,125,141,154,160,157,147,131,112,93,75,62,57,60,72,88,105
20, 1,20,120,130,134,134,128,120,114,112,118,130,143,154,159,157,148,132,112,89,66,49,41,44,58,78
20, 1,21,101,122,138,148,149,143,132,121,117,120,130,143,154,161,160,152,135,111,82,54,34,26,32,50
20, 1,22,75,104,131,151,162,161,151,135,121,115,118,128,143,157,166,167,157,135,105,71,40,20,14,25
20, 1,23,48,79,114,144,165,173,167,150,131,115,109,114,128,146,163,174,173,159,131,94,57,26,9,8
20, 1,24,24,54,91,129,159,176,177,164,143,121,106,102,112,130,153,173,182,176,154,120,80,42,15,2
20, 1,25,8,32,68,109,146,172,181,174,155,130,109,96,98,113,137,163,182,186,173,144,105,64,30,7
20, 1,26,2,17,47,88,129,161,179,179,164,140,115,96,89,97,119,147,173,187,184,162,128,88,50,21
20, 1,27,6,10,33,69,110,147,171,179,170,149,124,100,86,86,101,128,157,179,185,174,147,110,72,39
20, 1,28,18,12,26,55,94,132,161,175,172,156,132,107,88,80,87,109,137,163,178,177,159,128,93,60
20, 1,29,34,22,27,48,81,117,148,167,171,161,140,116,93,79,79,92,116,142,163,170,162,141,112,80
20, 1,30,54,38,35,47,73,105,135,158,168,163,147,125,102,84,76,81,97,120,141,155,157,146,125,99
20, 1,31,74,56,49,54,71,96,124,147,161,163,152,134,112,92,80,76,84,99,117,134,143,143,132,113
20, 2, 1,93,76,66,66,76,93,115,136,152,159,155,141,123,103,88,78,77,83,95,110,123,130,130,122
20, 2, 2,109,95,86,82,86,95,110,126,142,152,153,146,132,116,99,86,77,74,77,85,98,110,119,122
20, 2, 3,118,112,105,101,100,103,110,120,131,142,148,148,140,128,114,99,84,73,65,65,72,85,100,112
20, 2, 4,119,122,122,121,118,116,115,117,123,132,140,145,145,139,129,115,98,80,63,51,49,57,73,92
20, 2, 5,110,124,134,138,137,132,125,120,118,121,129,138,145,148,144,135,118,95,70,47,33,31,43,64
20, 2, 6,90,115,136,150,154,151,140,128,118,114,117,127,139,150,156,154,142,119,88,55,28,14,15,32
20, 2, 7,60,94,126,152,166,168,158,141,123,110,106,112,126,144,160,169,166,147,116,77,39,10,-3,3
20, 2, 8,27,63,104,142,169,179,174,157,134,113,99,98,109,130,154,174,183,174,148,108,63,22,-6,-15
20, 2, 9,-2,30,74,120,159,182,186,173,149,121,99,87,91,109,137,166,187,192,177,143,98,50,10-,15
20, 2,10,-18,3,42,91,139,174,189,184,163,134,105,83,76,86,112,145,177,195,194,172,134,87,40,4
20, 2,11,-15,-10,18,63,113,157,183,189,175,148,116,87,69,68,85,117,153,182,195,188,162,123,78,36
20, 2,12,6,-5,9,43,89,135,170,185,181,160,129,97,70,58,64,88,121,155,179,186,176,149,112,73
20, 2,13,38,18,17,37,74,116,153,176,181,168,142,110,80,59,53,65,90,122,150,168,171,159,135,105
20, 2,14,73,49,38,45,69,103,138,164,176,171,152,124,94,69,54,53,67,90,116,138,151,153,143,125
20, 2,15,102,81,67,64,76,99,126,151,167,169,158,137,110,85,65,54,56,67,85,105,122,133,136,130
20, 2,16,119,106,95,89,91,102,120,140,156,163,160,146,126,104,83,67,58,57,63,76,91,105,116,123
20, 2,17,124,121,117,113,110,112,120,131,143,152,155,150,138,122,105,88,73,61,55,56,63,76,91,105
20, 2,18,117,125,130,132,130,127,124,126,131,139,145,147,144,137,126,112,95,77,60,48,45,51,64,81
20, 2,19,101,119,134,144,147,142,134,126,122,124,130,137,142,144,142,135,120,100,75,53,38,33,40,57
20, 2,20,79,105,130,149,158,156,146,131,119,112,114,122,133,144,151,153,144,125,98,68,42,26,24,35
20, 2,21,57,86,118,145,163,167,158,140,121,106,100,104,117,135,152,163,163,149,123,90,56,30,16,19
20, 2,22,36,65,101,136,162,173,169,151,127,105,91,89,99,120,144,165,175,169,147,114,77,43,19,11
20, 2,23,20,46,82,121,155,174,176,161,137,110,88,77,82,102,130,158,178,181,167,137,99,61,30,12
20, 2,24,12,31,65,105,143,170,178,169,147,118,90,72,69,83,111,144,172,185,180,157,122,83,47,22
20, 2,25,13,23,51,90,130,162,177,174,155,127,96,72,60,67,90,124,157,180,185,171,142,104,67,37
20, 2,26,21,22,43,77,117,152,173,176,162,136,105,77,58,56,71,102,137,166,181,177,156,124,88,57
20, 2,27,35,29,41,69,105,141,166,175,167,145,115,85,61,51,58,81,114,146,168,174,163,139,108,77
20, 2,28,53,41,46,66,97,130,157,171,169,152,125,95,69,53,51,65,91,122,148,163,162,147,123,96
20, 2,29,72,57,56,68,92,121,147,164,167,156,134,106,80,60,51,56,73,98,124,143,152,148,133,112
20, 3, 1,91,76,70,76,92,115,137,155,162,157,141,117,92,71,57,54,62,78,99,119,134,139,135,122
20, 3, 2,107,94,87,88,97,112,129,144,154,154,145,127,106,85,69,60,59,65,77,93,110,122,128,126
20, 3, 3,119,111,105,104,107,114,124,135,144,147,144,134,119,102,86,73,64,59,61,69,82,97,111,119
20, 3, 4,123,123,122,121,121,121,123,127,133,137,139,137,130,119,106,92,78,64,54,50,55,68,85,102
20, 3, 5,117,128,135,138,137,133,128,123,122,125,129,133,135,134,128,117,101,80,58,42,34,39,54,76
20, 3, 6,100,123,141,152,154,148,137,125,115,112,114,122,132,142,146,143,130,106,77,48,26,17,23,43
20, 3, 7,73,105,136,158,168,165,151,132,113,101,98,105,120,139,156,164,160,140,108,70,34,10,3,13
20, 3, 8,41,78,119,153,175,179,167,144,118,95,83,84,98,123,151,173,182,172,144,104,60,22,-2,-5
20, 3, 9,13,48,94,138,172,186,181,159,129,98,74,64,73,97,131,166,190,194,177,142,97,51,13,-6
20, 3,10,-3,24,67,116,159,186,190,173,143,107,74,53,50,67,101,142,179,199,198,174,135,89,45,12
20, 3,11,0,12,46,94,141,177,191,184,157,121,82,51,36,42,68,109,152,185,199,192,165,126,83,44
20, 3,12,20,17,38,77,123,163,186,188,169,136,97,60,34,27,41,74,116,155,182,190,179,152,117,80
20, 3,13,51,36,43,70,109,148,176,186,176,150,114,76,44,26,27,47,81,119,151,171,174,162,139,110
20, 3,14,83,64,60,74,102,136,164,179,177,159,130,95,62,38,27,34,56,86,117,141,155,156,146,129
20, 3,15,109,92,83,87,103,127,152,168,173,163,142,113,83,58,41,36,45,63,86,109,127,137,139,134
20, 3,16,124,114,106,104,110,124,141,155,163,160,147,127,104,81,63,52,48,53,65,81,98,112,122,127
20, 3,17,128,127,124,121,121,125,133,142,149,151,146,135,120,104,89,75,64,58,57,62,73,86,100,113
20, 3,18,123,131,135,136,134,131,129,130,133,136,137,135,129,122,112,101,87,73,61,54,55,63,77,93
20, 3,19,111,127,140,147,147,140,131,122,118,119,122,126,130,132,131,125,113,95,75,57,47,47,56,73
20, 3,20,95,118,139,153,158,151,137,121,108,102,104,112,123,135,143,145,137,120,95,70,49,38,40,53
20, 3,21,76,104,132,154,165,162,147,126,105,90,86,93,109,128,147,158,157,143,119,88,60,39,31,38
20, 3,22,58,88,121,150,168,171,158,134,108,85,73,75,90,115,141,162,171,164,142,110,77,48,31,29
20, 3,23,44,72,108,142,167,176,167,145,115,86,65,59,70,96,128,158,177,178,162,133,98,64,39,28
20, 3,24,35,59,94,132,162,178,175,155,125,92,64,49,53,74,109,145,173,185,177,153,119,84,53,34
20, 3,25,33,50,82,120,154,176,179,164,135,100,68,45,40,54,86,125,161,183,185,169,140,105,72,47
20, 3,26,38,47,73,109,145,171,180,170,145,111,76,47,33,39,64,102,141,171,184,178,156,125,92,64
20, 3,27,49,50,69,100,135,164,178,174,154,122,87,55,34,30,46,79,118,153,174,179,166,141,111,83
20, 3,28,64,59,70,94,126,155,173,175,160,133,99,66,40,29,36,59,93,129,157,170,168,151,127,102
20, 3,29,81,71,75,93,119,145,165,172,163,142,112,79,52,35,33,46,72,104,133,153,161,155,138,118
20, 3,30,99,87,85,95,114,136,155,165,162,147,123,94,67,47,38,41,57,81,107,130,145,149,143,129
20, 3,31,115,103,99,103,114,130,145,155,157,149,132,109,85,64,50,45,50,63,82,103,122,134,138,135
20, 4, 1,127,119,114,114,118,126,136,144,148,145,136,121,103,85,69,58,53,54,62,76,94,110,124,131
20, 4, 2,134,132,130,128,127,127,129,132,135,136,134,129,119,107,94,80,67,57,52,54,65,81,100,117
20, 4, 3,131,140,144,144,140,134,127,122,121,122,125,128,130,128,121,109,92,73,55,43,42,52,70,94
20, 4, 4,118,139,153,158,155,145,130,117,107,104,108,118,129,140,144,140,125,101,73,48,32,29,42,65
20, 4, 5,96,127,153,168,170,159,140,117,97,86,86,97,116,138,157,165,158,137,105,70,39,22,21,38
20, 4, 6,69,107,144,170,181,174,153,124,95,73,63,70,91,121,153,176,184,172,143,104,65,33,17,21
20, 4, 7,46,84,127,164,185,186,169,138,101,68,47,43,59,92,132,169,193,196,178,143,101,61,31,20
20, 4, 8,32,64,107,150,182,193,183,154,115,75,42,25,30,57,98,144,182,20,119,91,76,139,98,60
20, 4, 9,33,53,90,134,172,193,192,170,133,89,49,20,11,26,61,108,154,187,20,119,31,68,133,95
20, 4,10,49,54,81,119,158,186,194,181,150,109,66,29,8,8,31,71,117,158,184,192,182,158,126,96
20, 4,11,73,67,81,110,145,175,190,186,164,129,87,48,19,7,15,43,82,122,155,174,178,167,147,122
20, 4,12,100,87,89,107,134,162,180,184,171,144,109,72,41,20,16,29,56,90,122,147,161,162,153,138
20, 4,13,121,108,103,110,127,149,167,175,171,153,126,96,66,44,31,32,45,67,93,118,136,147,148,143
20, 4,14,134,125,118,118,125,138,152,161,162,154,137,115,91,70,55,47,48,57,73,92,111,125,135,140
20, 4,15,139,136,132,128,127,131,137,144,148,146,139,126,111,95,81,70,62,60,64,74,88,103,118,129
20, 4,16,138,142,142,139,134,129,127,128,130,132,132,129,123,116,106,95,83,72,65,65,71,83,99,115
20, 4,17,131,143,149,150,144,133,122,115,112,113,118,123,127,129,127,120,107,92,76,65,61,67,80,99
20, 4,18,120,139,152,158,154,142,125,108,97,94,99,110,122,134,141,140,131,114,93,73,60,57,65,83
20, 4,19,106,131,151,164,164,152,132,109,89,78,79,91,110,130,147,155,152,137,114,89,67,55,55,68
20, 4,20,92,120,147,165,171,163,142,115,87,68,62,70,91,119,145,163,168,158,137,109,81,61,52,59
20, 4,21,79,108,139,163,176,172,153,124,92,64,49,51,69,100,134,161,176,174,158,131,100,74,57,55
20, 4,22,69,96,129,158,177,179,164,136,101,67,43,36,48,77,115,151,176,184,175,152,121,91,68,58
20, 4,23,65,87,119,151,174,183,173,147,112,75,44,27,30,54,92,133,167,185,185,169,142,111,84,67
20, 4,24,66,81,109,142,169,183,179,158,125,86,51,26,20,34,67,109,149,177,188,180,159,131,102,81
20, 4,25,72,80,102,132,161,180,182,167,138,100,63,32,17,22,46,84,126,161,181,183,170,147,120,97
20, 4,26,83,83,98,124,152,173,181,173,149,115,78,45,23,17,31,61,100,137,165,178,174,159,136,114
20, 4,27,97,91,99,118,142,164,176,174,157,129,95,61,35,22,25,45,76,111,142,163,170,164,148,129
20, 4,28,112,103,103,115,134,153,167,170,160,140,111,81,53,35,29,37,57,86,116,140,156,160,154,141
20, 4,29,127,117,112,117,128,142,155,161,158,146,125,100,75,55,42,39,47,65,89,113,134,147,152,148
20, 4,30,140,131,125,123,126,133,142,148,150,145,134,118,99,80,63,52,49,54,67,86,107,126,141,148
20, 5, 1,148,144,139,133,129,128,129,132,135,137,135,130,120,107,92,76,63,55,55,63,79,100,121,138
20, 5, 2,150,154,152,146,137,128,120,116,116,120,126,131,134,131,122,107,89,71,57,52,58,74,96,121
20, 5, 3,143,158,163,160,149,133,117,103,96,97,106,120,135,145,148,141,123,100,75,56,48,54,72,99
20, 5, 4,129,154,170,173,164,145,120,96,79,72,78,96,120,144,162,167,158,136,107,77,55,47,55,78
20, 5, 5,110,143,169,181,178,160,132,99,70,52,50,64,92,126,158,179,184,171,144,110,78,56,51,63
20, 5, 6,91,127,161,184,189,177,148,111,73,43,28,33,57,95,137,172,193,194,177,147,112,80,61,60
20, 5, 7,79,111,148,179,194,190,167,130,87,47,19,10,24,58,102,148,183,20,01,97,177,146,112,84
20, 5, 8,76,99,134,168,192,198,183,151,108,64,26,4,3,25,65,112,156,187,20,01,93,172,142,112
20, 5, 9,83,95,122,155,183,198,193,169,132,88,45,13,-2,6,35,77,122,161,186,193,185,164,138,113
20, 5,10,98,98,114,141,170,190,195,181,152,113,71,35,10,4,18,49,89,129,161,179,183,173,155,134
20, 5,11,115,107,112,131,155,177,188,184,165,134,98,62,33,17,17,35,64,99,132,157,170,171,162,147
20, 5,12,131,119,116,124,141,161,175,178,169,148,119,89,60,40,30,35,52,78,106,132,151,160,161,154
20, 5,13,143,131,123,123,131,144,157,165,164,153,134,111,87,66,52,47,52,66,87,109,130,145,153,154
20, 5,14,149,141,133,127,126,131,139,146,150,148,139,125,109,92,77,67,62,65,76,92,110,128,141,150
20, 5,15,152,149,142,134,127,123,123,127,132,135,136,132,124,113,101,90,80,73,74,81,94,111,127,141
20, 5,16,151,154,152,144,133,122,113,109,111,117,124,129,131,129,123,113,101,89,80,77,83,96,113,131
20, 5,17,146,156,159,155,143,127,110,98,93,96,105,118,130,137,139,134,123,108,93,82,78,85,99,118
20, 5,18,138,155,164,164,154,136,114,93,79,76,84,100,120,137,149,151,145,130,112,94,82,79,88,106
20, 5,19,128,150,165,171,165,148,122,95,72,60,62,78,102,128,150,162,162,152,133,111,92,81,83,96
20, 5,20,118,142,163,175,174,160,134,102,72,51,44,55,80,112,142,165,174,170,154,131,108,90,83,89
20, 5,21,108,133,158,176,181,171,147,114,78,49,33,35,56,89,126,158,178,183,172,152,126,104,89,88
20, 5,22,100,124,150,173,184,180,160,128,90,54,29,21,34,64,103,143,172,187,185,170,146,120,100,91
20, 5,23,96,115,141,167,184,186,172,143,106,67,34,16,18,40,77,120,157,182,191,183,163,138,115,99
20, 5,24,97,109,131,158,179,188,181,158,123,84,47,20,11,23,52,93,135,168,187,188,176,154,131,111
20, 5,25,102,106,123,147,170,185,185,170,141,103,65,33,15,14,33,67,108,145,173,185,182,167,146,126
20, 5,26,111,108,117,136,158,176,183,176,155,123,87,53,28,17,23,46,81,118,151,172,180,174,159,140
20, 5,27,123,114,115,127,145,163,175,176,164,140,110,78,49,30,24,35,59,91,124,151,168,173,166,153
20, 5,28,137,124,119,122,134,148,161,167,164,151,129,103,75,52,38,36,47,69,97,126,149,164,167,161
20, 5,29,150,137,127,122,125,133,143,152,156,153,142,125,103,81,62,50,48,57,76,100,126,147,161,164
20, 5,30,160,149,138,128,121,121,124,131,138,144,144,139,127,111,93,75,63,58,64,80,102,126,148,161
20, 5,31,165,161,151,137,124,114,108,108,114,124,134,141,142,137,124,108,90,75,67,70,84,106,130,152
20, 6, 1,165,169,164,151,133,114,98,88,87,96,111,128,143,151,151,141,123,103,85,75,76,89,112,137
20, 6, 2,159,173,175,166,148,123,98,76,65,66,80,102,128,150,164,166,156,137,114,93,81,83,98,122
20, 6, 3,148,170,182,180,165,139,108,76,52,42,47,68,99,132,161,178,180,169,147,121,99,88,91,109
20, 6, 4,135,161,182,190,182,160,126,88,54,30,23,35,64,102,140,172,189,190,176,152,126,104,95,101
20, 6, 5,121,149,175,192,194,179,149,110,68,33,13,12,31,66,109,150,181,196,195,178,153,127,108,102
20, 6, 6,112,135,163,187,199,194,171,135,93,51,19,4,9,35,74,119,159,187,198,193,175,150,126,111
20, 6, 7,110,124,148,175,194,20,01,88,159,120,77,39,12,3,15,45,86,129,166,189,195,187,168,144
20, 6, 8,113,117,134,159,182,196,195,177,145,105,66,33,13,11,28,60,100,139,169,186,188,177,158,138
20, 6, 9,121,115,123,142,166,185,192,185,163,130,94,59,33,20,25,45,77,114,147,170,181,179,167,149
20, 6,10,131,119,118,129,148,167,181,183,171,148,118,86,59,39,33,42,64,93,125,151,168,174,169,157
20, 6,11,141,126,118,120,131,148,163,172,170,157,135,109,84,63,50,49,60,81,107,133,154,166,168,161
20, 6,12,149,135,123,118,120,130,143,154,159,156,144,126,106,87,71,64,65,76,95,117,138,155,163,163
20, 6,13,156,144,132,121,115,116,123,132,141,146,145,136,123,108,94,83,78,79,89,105,124,142,156,162
20, 6,14,161,153,142,129,117,109,107,111,119,129,136,138,134,126,115,105,95,90,91,98,112,129,146,157
20, 6,15,162,160,152,140,125,110,98,94,97,107,120,131,137,138,134,126,116,106,99,98,105,118,135,150
20, 6,16,161,165,162,151,135,116,97,83,78,84,98,115,131,142,147,145,137,126,114,105,103,110,124,141
20, 6,17,156,166,169,162,148,127,102,79,65,63,73,94,117,138,153,159,156,147,132,118,108,107,115,131
20, 6,18,149,164,173,172,161,140,113,83,59,47,51,69,96,125,149,166,171,166,152,135,119,110,111,122
20, 6,19,140,158,173,179,173,155,127,94,62,40,34,45,70,103,137,163,178,180,170,153,133,117,110,115
20, 6,20,130,150,169,182,183,171,145,110,73,42,25,25,44,77,115,151,177,188,185,170,150,129,115,112
20, 6,21,121,139,161,180,189,184,163,130,91,53,26,15,23,50,88,129,164,187,193,185,166,144,124,113
20, 6,22,115,128,150,173,189,192,179,152,114,73,38,15,11,27,60,101,143,175,192,193,180,159,137,119
20, 6,23,113,119,137,160,182,193,190,170,138,98,59,27,11,13,36,73,115,154,182,193,189,173,151,130
20, 6,24,116,114,124,145,168,186,192,183,159,125,86,50,24,13,22,49,87,128,162,184,190,182,164,143
20, 6,25,124,114,115,129,150,170,184,185,173,148,114,79,48,27,22,35,64,101,138,167,183,185,174,155
20, 6,26,135,119,112,117,131,150,167,177,175,162,138,109,78,52,36,36,52,80,113,145,169,181,179,166
20, 6,27,147,128,115,110,115,128,144,158,166,165,153,134,109,83,62,51,53,69,94,124,151,170,178,173
20, 6,28,159,141,123,110,105,108,118,132,145,154,155,149,134,114,94,78,69,72,85,108,133,156,172,176
20, 6,29,169,154,135,117,103,95,96,103,116,131,143,150,148,140,126,109,95,87,88,100,119,141,161,173
20, 6,30,175,166,150,131,110,93,81,79,85,100,118,136,148,153,150,140,126,113,103,102,111,128,148,166
20, 7, 1,176,176,166,148,126,101,79,64,60,68,86,110,133,151,162,163,156,142,127,115,112,120,136,155
20, 7, 2,171,180,179,167,147,119,89,63,46,42,54,77,106,135,158,173,176,169,153,135,122,118,126,142
20, 7, 3,161,177,185,183,169,143,110,76,47,30,29,45,73,107,141,168,184,187,177,158,138,124,121,129
20, 7, 4,146,167,183,191,186,168,137,99,62,33,18,22,43,76,114,151,179,193,192,178,157,136,123,121
20, 7, 5,132,152,173,190,196,187,163,127,87,50,23,13,22,47,84,125,162,188,197,191,174,151,131,119
20, 7, 6,121,135,158,181,196,198,184,154,116,75,41,18,14,28,59,98,139,173,193,196,185,164,141,123
20, 7, 7,115,121,140,165,187,199,195,175,142,103,65,35,19,21,41,75,116,153,181,193,189,174,152,130
20, 7, 8,115,112,123,146,171,190,197,187,162,128,92,58,35,26,35,60,96,133,165,184,189,179,161,139
20, 7, 9,119,108,111,127,151,174,188,189,174,148,115,83,56,40,38,53,82,116,148,172,184,181,168,148
20, 7,10,127,111,105,113,131,153,172,181,177,160,134,105,78,59,50,56,75,103,133,159,176,180,172,156
20, 7,11,136,117,105,104,114,131,151,165,170,163,147,124,100,80,67,65,75,96,121,146,166,175,174,162
20, 7,12,145,127,111,103,103,113,128,143,154,158,151,137,119,101,87,81,83,95,113,135,155,168,172,167
20, 7,13,154,137,121,107,100,100,107,119,133,143,147,143,133,120,108,100,97,100,110,126,143,159,168,169
20, 7,14,161,148,132,117,103,95,92,97,109,122,134,140,140,135,127,120,114,112,114,122,134,148,160,167
20, 7,15,165,157,145,129,112,97,85,81,85,98,114,129,139,143,143,139,133,127,123,123,128,139,151,161
20, 7,16,166,164,157,143,126,105,86,71,67,73,89,110,129,144,152,155,152,145,136,129,127,131,141,153
20, 7,17,163,168,167,158,142,119,94,71,55,53,64,85,110,134,153,165,168,163,152,140,130,127,132,143
20, 7,18,156,168,174,171,160,138,109,79,53,39,41,57,84,115,144,167,178,179,170,154,138,128,125,132
20, 7,19,146,162,175,182,177,159,131,96,62,36,26,33,55,89,125,158,181,190,185,170,151,133,123,123
20, 7,20,133,151,170,185,190,180,156,120,80,45,22,16,29,58,98,139,172,192,196,185,165,143,125,116
20, 7,21,120,135,158,180,195,196,179,148,107,66,31,12,11,31,67,111,154,185,199,197,180,156,133,116
20, 7,22,111,119,140,166,189,20,119,61,74,138,95,54,23,8,14,41,82,128,168,194,20,119,117,01
20, 7,23,106,106,120,145,173,195,20,21,92,165,127,85,47,21,12,26,58,101,145,179,197,197,182,157
20, 7,24,109,98,103,122,150,176,194,197,183,155,118,80,47,27,25,44,79,121,159,186,196,189,169,143
20, 7,25,117,98,92,102,123,150,173,187,187,172,146,113,80,53,41,46,69,103,140,171,189,191,178,155
20, 7,26,129,105,90,88,100,121,144,164,175,174,161,139,112,86,67,61,71,94,124,154,177,187,183,167
20, 7,27,143,117,97,85,85,96,113,134,151,161,162,153,137,117,99,87,86,96,116,141,164,180,183,175
20, 7,28,156,133,110,92,81,80,87,102,120,136,148,153,149,140,128,116,109,108,117,132,152,169,178,178
20, 7,29,168,150,129,108,89,76,72,76,88,105,123,138,148,151,149,143,135,128,126,130,142,156,169,176
20, 7,30,174,164,149,129,107,86,70,61,62,74,92,113,133,149,158,162,158,150,141,135,136,144,156,167
20, 7,31,173,173,166,152,132,107,81,60,49,50,63,84,109,134,156,170,175,171,159,146,136,135,142,153
20, 8, 1,165,174,177,172,157,134,104,74,50,38,40,55,81,111,142,168,183,185,176,160,143,132,130,137
20, 8, 2,151,166,179,185,179,161,132,97,64,39,29,34,54,85,121,155,181,193,190,174,154,134,123,122
20, 8, 3,133,151,172,187,193,183,159,125,87,54,31,24,35,61,97,136,170,192,197,186,165,142,122,112
20, 8, 4,116,133,157,180,196,197,182,152,114,76,44,26,26,43,75,115,154,184,197,193,176,151,127,109
20, 8, 5,104,114,137,165,190,20,119,61,73,139,101,65,38,27,34,59,96,137,171,192,196,184,161,134
20, 8, 6,98,100,117,146,175,195,20,01,88,160,125,88,57,37,35,50,81,120,157,184,194,188,169,143
20, 8, 7,97,91,100,124,154,181,195,193,174,145,110,78,54,44,50,73,107,143,173,189,190,176,152,126
20, 8, 8,102,88,89,105,132,160,181,189,181,159,130,100,74,59,57,72,99,132,162,182,188,180,161,135
20, 8, 9,110,92,84,91,111,137,161,176,178,166,145,119,95,77,70,77,96,123,151,173,184,182,167,145
20, 8,10,121,100,86,85,95,114,136,155,166,165,153,134,114,97,87,88,99,118,141,162,176,180,172,154
20, 8,11,132,111,94,85,86,96,113,131,147,155,153,143,129,115,106,103,107,119,135,152,167,174,172,161
20, 8,12,143,124,106,92,85,86,93,107,123,137,145,145,140,131,124,120,120,124,133,144,157,166,169,164
20, 8,13,152,137,120,105,92,83,81,86,97,113,128,138,143,143,140,137,135,134,135,140,147,156,162,164
20, 8,14,159,149,136,121,105,89,76,71,74,87,104,122,136,146,152,154,152,148,143,140,140,145,152,159
20, 8,15,161,159,152,140,123,102,81,64,57,61,76,98,121,141,157,166,168,163,154,144,137,136,141,149
20, 8,16,158,164,166,160,146,124,96,69,49,42,49,69,96,125,152,171,181,179,168,153,139,130,129,136
20, 8,17,148,162,173,177,170,150,120,85,54,33,28,40,66,100,136,167,187,192,184,166,145,128,119,120
20, 8,18,132,151,172,187,190,178,150,112,73,39,20,19,36,70,111,152,184,199,197,181,157,132,114,106
20, 8,19,113,132,159,184,20,02,00,180,145,102,60,27,11,16,42,82,129,171,198,20,51,95,171,142
20, 8,20,95,109,136,169,196,20,92,03,177,138,93,51,21,11,23,57,103,150,187,20,62,04,184,155
20, 8,21,83,87,109,143,177,20,32,111,99,169,129,85,47,24,21,41,80,127,170,198,20,61,95,168
20, 8,22,80,72,84,112,148,181,20,22,05,190,159,121,82,51,35,41,68,108,151,185,20,22,00,180
20, 8,23,85,67,67,85,115,150,178,194,193,177,149,116,85,62,56,69,99,136,170,193,199,187,163,130
20, 8,24,98,73,62,67,87,116,145,169,180,178,164,142,116,94,81,83,99,127,157,181,193,190,173,146
20, 8,25,116,88,69,62,69,88,112,136,154,164,164,154,139,123,109,104,110,125,147,168,183,187,178,159
20, 8,26,134,108,86,71,66,71,85,103,123,139,149,152,149,142,134,128,126,131,142,157,171,178,177,167
20, 8,27,150,129,109,90,76,69,70,78,92,109,125,138,147,151,151,149,145,142,143,148,157,165,170,168
20, 8,28,160,148,133,115,97,81,69,64,68,80,97,116,134,149,159,164,163,157,149,145,145,150,156,161
20, 8,29,163,160,154,142,124,103,81,64,56,59,71,90,114,137,158,172,176,171,159,146,137,135,139,147
20, 8,30,156,164,167,164,151,130,103,77,56,47,51,66,91,120,149,172,184,184,171,153,135,124,122,129
20, 8,31,142,158,172,179,174,157,130,98,68,47,40,47,68,99,134,165,186,192,183,163,140,120,109,110
20, 9, 1,123,144,167,184,190,180,156,123,87,58,39,37,51,79,116,153,181,195,192,174,148,122,102,95
20, 9, 2,104,125,153,179,195,196,178,148,111,76,49,36,41,63,98,138,173,194,197,184,158,129,102,87
20, 9, 3,87,104,133,166,192,20,21,94,169,135,97,65,44,39,53,84,123,161,188,199,191,168,138,107
20, 9, 4,76,85,112,146,179,199,20,118,51,55,120,85,59,46,51,74,110,149,180,196,195,176,148,116
20, 9, 5,71,72,91,123,159,187,199,193,171,140,106,77,59,56,71,101,137,170,191,195,183,157,126,95
20, 9, 6,73,65,75,101,135,167,188,193,180,156,126,97,76,67,74,97,128,160,184,193,186,166,137,106
20, 9, 7,80,65,66,83,112,144,170,183,181,166,142,116,94,82,83,97,122,151,174,188,187,172,147,117
20, 9, 8,90,71,64,72,92,119,146,166,173,168,152,132,113,99,95,103,120,143,165,179,183,174,155,129
20, 9, 9,103,82,70,69,79,98,121,143,157,161,156,143,128,116,110,113,123,139,156,169,176,173,160,140
20, 9,10,117,97,81,73,74,84,99,118,135,147,151,147,140,132,126,126,130,138,149,159,167,168,162,148
20, 9,11,131,113,97,85,78,76,82,93,109,125,137,144,145,144,142,140,140,142,145,150,156,159,159,153
20, 9,12,143,130,116,102,89,78,72,74,83,98,115,131,143,151,155,156,154,150,146,144,144,147,150,152
20, 9,13,151,146,138,125,109,90,73,62,61,70,87,109,131,149,162,169,169,162,152,142,135,134,137,144
20, 9,14,152,157,158,151,135,113,86,63,48,46,58,80,109,138,162,178,183,177,162,145,129,120,120,129
20, 9,15,143,159,171,174,165,143,112,78,50,34,34,51,81,117,152,180,193,191,176,153,129,111,103,108
20, 9,16,124,148,172,188,190,175,145,106,68,37,23,28,52,90,133,171,196,20,31,91,166,136,108,90
20, 9,17,99,125,158,188,20,52,02,180,143,99,58,30,20,32,64,109,155,190,20,82,03,181,148,113
20, 9,18,73,95,132,171,20,22,152,06,178,137,92,54,29,27,47,87,134,177,20,52,101,94,163,125
20, 9,19,53,66,98,140,181,20,82,162,02,171,130,89,55,38,44,73,115,160,195,21,02,04,178,141
20, 9,20,44,44,66,104,147,185,20,72,09,192,162,125,89,64,57,71,104,144,181,20,42,06,189,157
20, 9,21,49,36,44,72,110,150,181,197,195,179,152,122,95,80,82,102,133,167,193,20,31,95,171,136
20, 9,22,65,43,38,51,79,114,146,170,181,179,166,146,124,107,101,109,129,156,180,194,194,179,152,120
20, 9,23,88,62,47,47,61,85,112,137,156,165,164,156,144,131,123,122,132,148,167,181,186,179,162,138
20, 9,24,111,87,68,58,59,69,86,106,125,141,150,154,152,147,142,139,139,146,156,166,173,173,165,150
20, 9,25,132,113,95,80,71,68,72,82,97,114,129,141,150,155,156,154,150,148,148,151,156,159,159,154
20, 9,26,145,135,122,108,93,80,71,70,76,88,105,123,140,154,163,166,163,155,146,140,139,141,145,148
20, 9,27,150,149,145,135,120,101,83,69,64,69,83,102,125,147,165,174,174,165,150,135,125,122,126,135
20, 9,28,145,155,160,158,146,126,102,79,63,58,65,82,107,135,160,178,183,176,158,136,117,106,106,116
20, 9,29,132,151,166,174,169,152,126,97,71,56,53,65,89,120,151,176,189,186,169,143,117,97,89,95
20, 9,30,113,138,163,181,185,174,150,119,87,63,51,55,74,105,140,171,190,193,179,154,123,95,78,77
20,10, 1,92,119,151,178,193,190,172,142,108,77,57,51,64,91,127,162,187,197,188,164,132,99,74,63
20,10, 2,71,97,132,167,191,199,188,163,130,96,70,56,60,81,114,151,182,197,194,174,143,107,76,56
20,10, 3,56,75,109,148,181,199,198,180,150,117,87,67,63,76,105,141,173,194,198,183,154,118,83,57
20,10, 4,47,57,86,125,163,190,199,190,167,137,107,83,72,77,99,131,164,188,197,188,164,130,94,63
20,10, 5,45,46,66,101,140,173,192,193,178,153,125,100,85,83,98,124,155,180,194,190,172,141,106,74
20,10, 6,50,43,53,80,115,150,176,187,182,165,141,118,100,94,101,120,146,171,187,189,176,151,119,87
20,10, 7,61,47,48,65,93,126,154,172,177,169,152,133,116,107,108,120,140,161,177,183,177,158,132,102
20,10, 8,76,58,51,58,77,102,129,151,164,165,158,144,130,121,118,124,137,153,167,175,173,162,142,117
20,10, 9,93,74,62,60,68,84,105,126,143,154,156,151,142,135,131,132,138,147,157,164,165,160,148,131
20,10,10,111,93,79,70,67,72,84,100,118,134,145,150,150,148,145,143,143,145,148,151,154,153,149,140
20,10,11,128,115,101,88,77,71,70,77,90,108,126,141,151,157,158,156,152,147,143,140,139,140,142,143
20,10,12,141,136,127,114,97,81,68,62,66,80,100,123,144,160,169,170,165,154,142,130,124,123,128,136
20,10,13,145,152,152,143,126,103,79,60,51,55,72,98,128,154,174,182,179,166,147,126,110,103,106,119
20,10,14,137,156,169,171,159,135,104,74,51,42,49,72,105,140,171,189,193,180,157,129,103,85,82,93
20,10,15,116,145,172,188,188,171,140,102,68,44,38,51,81,120,160,189,20,21,95,172,139,104,75,60
20,10,16,85,120,158,189,20,52,00,176,140,99,64,43,42,63,99,143,181,20,42,06,188,154,114,75
20,10,17,52,85,128,171,20,22,142,04,176,137,97,65,50,56,84,125,167,199,21,120,117,21,31,87
20,10,18,26,49,90,138,181,20,82,142,00,170,133,97,72,64,78,111,151,188,20,92,09,188,150,106
20,10,19,15,24,54,99,146,184,20,52,07,191,163,130,101,84,85,105,138,174,20,02,09,198,168,128
20,10,20,20,14,31,65,108,149,180,195,194,179,155,130,109,100,108,130,160,187,20,22,00,181,148,109
20,10,21,40,23,24,44,76,113,146,170,181,179,167,150,132,119,117,129,149,172,189,194,184,162,131,97
20,10,22,67,44,34,39,58,85,114,140,158,166,166,159,148,137,131,132,143,158,173,181,179,167,146,120
20,10,23,94,72,57,51,55,69,89,111,131,146,155,158,155,150,144,140,141,147,156,163,166,162,151,136
20,10,24,118,100,85,73,67,68,76,89,106,123,138,149,156,158,155,150,145,142,141,144,147,149,147,142
20,10,25,134,124,112,99,87,78,74,77,87,102,119,136,151,160,164,161,153,142,133,127,126,129,134,138
20,10,26,141,140,135,125,111,96,82,74,75,85,101,121,141,158,169,170,163,149,131,117,108,108,115,126
20,10,27,138,147,151,148,136,118,98,81,72,73,85,105,129,153,170,178,174,158,136,113,96,89,93,107
20,10,28,126,146,160,164,158,142,119,95,76,69,74,91,116,144,167,182,183,170,146,117,91,75,73,85
20,10,29,108,135,159,174,175,163,141,114,89,72,69,80,103,133,161,182,189,180,157,126,93,68,57,63
20,10,30,85,117,149,174,185,181,162,135,106,83,71,74,93,121,153,179,192,189,169,137,101,68,48,45
20,10,31,62,94,132,166,187,192,180,156,127,99,80,75,86,111,143,172,191,194,179,149,112,75,46,34
20,11, 1,43,70,109,149,180,195,192,174,146,118,94,82,85,104,133,164,188,196,187,161,125,86,52,31
20,11, 2,29,49,85,127,165,189,196,186,163,136,110,93,89,100,125,155,181,195,192,172,139,100,63,35
20,11, 3,24,34,62,102,143,175,191,191,175,152,127,106,96,101,119,145,172,189,192,179,151,115,78,46
20,11, 4,28,27,45,79,118,154,178,187,181,164,141,121,107,105,116,137,162,181,189,182,161,130,94,62
20,11, 5,38,29,37,60,94,129,158,175,179,170,153,135,120,113,118,132,152,170,181,180,166,142,111,80
20,11, 6,54,39,37,49,74,104,133,156,168,169,160,146,133,124,123,130,143,158,170,173,166,150,126,100
20,11, 7,75,56,46,48,61,82,108,132,150,160,161,154,145,136,131,132,138,147,156,161,160,152,137,118
20,11, 8,97,78,64,56,57,67,84,105,126,144,154,157,155,149,143,139,138,139,142,146,148,147,141,132
20,11, 9,119,104,88,75,66,63,68,82,100,121,140,153,160,160,156,149,141,135,130,128,129,133,136,138
20,11,10,136,129,117,102,86,72,64,66,77,96,119,141,158,168,168,162,150,136,122,112,108,111,120,132
20,11,11,142,147,145,134,116,94,75,63,62,74,96,123,149,169,178,176,163,143,120,100,87,85,94,112
20,11,12,134,153,164,163,150,127,100,76,61,61,76,103,134,163,183,188,179,157,127,97,72,60,63,82
20,11,13,111,143,169,183,180,163,135,103,76,62,65,85,116,151,180,195,193,174,142,104,68,43,35,48
20,11,14,77,116,155,184,198,192,170,138,105,79,68,75,100,135,170,195,20,31,91,161,120,77,40,19
20,11,15,40,78,124,167,196,20,61,96,172,139,106,84,78,91,121,157,188,20,62,04,181,143,97,52
20,11,16,11,41,85,134,175,20,120,71,94,169,137,109,91,92,111,142,176,20,120,91,96,165,122,75
20,11,17,-2,13,49,96,142,179,199,20,118,71,63,135,112,101,108,130,161,189,20,52,03,182,147,103
20,11,18,3,3,25,62,106,147,177,192,191,177,155,133,116,112,123,146,173,193,20,01,91,165,129,88
20,11,19,23,11,17,41,76,114,148,171,181,179,166,149,132,122,122,135,156,176,188,188,174,148,115,81
20,11,20,51,32,26,35,58,88,119,145,163,170,168,158,145,133,127,130,141,157,170,176,171,156,133,107
20,11,21,81,59,46,44,53,72,97,121,142,156,162,160,153,143,134,130,132,140,150,157,160,154,142,125
20,11,22,105,87,72,62,61,68,83,102,122,139,151,157,157,152,144,135,129,128,130,136,141,143,140,133
20,11,23,123,110,97,86,77,74,78,89,105,122,139,151,157,158,153,144,133,123,116,115,118,124,130,133
20,11,24,132,128,120,110,98,88,82,84,93,108,125,142,155,162,162,155,141,125,110,99,97,102,111,123
20,11,25,132,138,137,131,121,107,94,86,87,96,112,131,149,162,168,165,152,133,111,91,79,79,89,106
20,11,26,124,139,148,149,142,128,111,96,87,89,101,119,141,160,171,173,164,144,118,90,69,60,66,83
20,11,27,108,132,151,161,160,149,131,111,95,88,93,109,131,153,171,179,175,157,129,96,67,48,45,59
20,11,28,85,117,146,166,173,168,152,130,108,94,91,100,120,145,168,182,183,169,142,107,72,44,31,37
20,11,29,61,95,131,161,179,181,170,149,125,105,94,96,112,136,161,180,188,180,156,121,82,47,25,21
20,11,30,38,70,110,148,175,187,183,166,143,119,102,97,105,126,152,176,189,187,169,137,97,58,28,14
20,12, 1,20,46,85,127,163,185,190,179,159,134,113,101,103,118,142,167,186,191,180,153,115,74,38,15
20,12, 2,11,27,60,102,143,173,188,186,171,149,126,110,104,112,132,157,179,190,186,166,133,93,55,25
20,12, 3,10,15,39,76,118,154,178,186,179,161,140,121,109,110,124,145,168,183,187,174,148,113,75,42
20,12, 4,20,14,26,54,92,130,160,177,179,169,152,133,118,113,118,134,154,172,181,177,159,131,97,64
20,12, 5,37,22,23,39,69,103,136,161,173,172,161,145,129,119,118,126,141,157,168,171,163,144,118,88
20,12, 6,60,40,30,35,53,80,111,139,159,167,165,155,141,129,122,122,129,140,151,158,158,150,133,111
20,12, 7,86,64,49,42,48,64,88,115,139,156,164,161,152,140,130,123,121,125,132,139,144,145,140,128
20,12, 8,112,93,75,61,55,59,72,93,117,139,155,163,161,153,141,129,119,113,112,115,122,129,135,136
20,12, 9,131,120,106,90,76,68,68,78,96,119,142,158,166,164,154,140,124,108,97,92,94,103,117,130
20,12,10,139,140,135,122,106,90,78,75,83,101,125,148,165,171,168,155,135,112,90,74,67,72,88,109
20,12,11,131,147,155,152,139,121,101,86,81,89,109,133,157,174,179,171,152,125,94,66,47,43,53,77
20,12,12,107,136,159,170,168,154,132,109,92,88,97,118,145,169,184,185,172,145,110,73,41,23,22,40
20,12,13,72,110,146,172,184,180,163,139,114,97,94,107,130,158,181,193,189,168,133,91,50,18,3,9
20,12,14,35,74,117,156,183,194,187,167,140,116,101,102,117,143,171,192,199,188,159,118,72,31,2,-7
20,12,15,6,38,81,127,166,190,197,186,164,138,115,104,109,129,156,183,199,20,01,81,146,101,56,17
20,12,16,-9,11,47,93,137,173,192,194,180,157,133,114,108,117,139,167,190,20,119,41,69,131,86,44
20,12,17,-5,-1,23,62,106,146,175,188,185,170,148,126,112,111,124,148,173,191,195,182,153,115,74,38
20,12,18,13,4,14,41,79,119,153,174,181,174,158,138,120,111,114,130,153,174,186,183,166,137,102,67
20,12,19,39,21,19,34,62,96,130,156,170,172,163,147,129,115,110,117,133,152,168,174,168,149,123,93
20,12,20,66,45,35,38,55,81,110,137,156,165,163,153,138,123,113,110,117,131,146,156,159,151,134,113
20,12,21,90,70,56,52,58,74,97,121,142,156,160,156,146,133,120,111,109,113,123,134,141,142,136,124
20,12,22,109,92,79,71,69,76,90,109,128,144,154,157,152,142,130,117,108,103,104,110,119,126,129,127
20,12,23,121,111,101,92,86,85,90,101,116,133,146,154,155,150,140,127,113,100,92,90,94,104,114,122
20,12,24,125,124,119,113,106,99,96,99,108,121,136,149,156,156,151,139,123,105,87,76,73,79,93,108
20,12,25,121,130,133,132,126,117,109,103,104,112,125,140,153,159,159,151,136,115,91,70,57,57,68,87
20,12,26,108,127,140,146,145,137,125,113,106,107,116,130,146,159,165,162,150,128,100,72,49,39,44,63
20,12,27,89,116,139,154,159,155,143,127,113,106,109,121,137,154,167,170,163,144,115,81,50,30,26,38
20,12,28,64,97,128,153,168,169,160,143,124,110,106,112,127,147,165,175,174,160,132,96,59,29,14,18
20,12,29,39,72,110,144,168,178,174,159,138,119,107,106,117,137,158,175,182,174,151,115,75,38,12,4
20,12,30,17,46,85,126,159,179,183,172,152,130,112,104,109,125,148,170,184,184,168,136,96,54,20,1
20,12,31,1,22,58,101,141,171,184,181,165,143,121,107,104,114,135,160,180,188,181,156,119,77,37,9
